0;-;713013215412822016;cs;Thu Mar 24 15:42:52 CET 2016;Chodim s ÃºÅ¾asnym klukem, ale kdyÅ¾ je nemocnej, unavenej a naÅ¡tvanej, tak je protivnej a na zabitÃ­...
0;-;713013276288925696;cs;Thu Mar 24 15:43:06 CET 2016;Tohle bych z french pressu asi nedostal... #espresso #colombiaSupremo #ÄŒTdesignLifeâ€¦
1;pr;713013291874799617;cs;Thu Mar 24 15:43:10 CET 2016;NejlepÅ¡Ã­ pivo je jako nejhezÄÃ­ Å¾enskÃ¡, nedÃ¡ se vybrat, srovnÃ¡vÃ¡ slÃ¡dek: BrnÄ›nskÃ½ slÃ¡dek Petr Hauskrecht, kterÃ½ vymyslelâ€¦ #Brno_Brno_ZprÃ¡vy
1;ji;713013303610507269;cs;Thu Mar 24 15:43:13 CET 2016;Zeman otevÅ™el veÅ™ejnosti opravenÃ½ palmovÃ½ sklenÃ­k u lÃ¡nskÃ©ho zÃ¡mku: ExotickÃ½ palmovÃ½ sklenÃ­k u lÃ¡nskÃ©ho zÃ¡mku otevÅ™elâ€¦ #Praha_Praha_zprÃ¡vy
1;kr;713013310161989632;cs;Thu Mar 24 15:43:14 CET 2016;OperÃ¡toÅ™i velkoobchodnÃ­ ceny LTE nesnÃ­Å¾ili, ÃºÅ™ad jim pohrozil pokutami: Letos v Ãºnoru vyzval ÄŒeskÃ½â€¦ #Mobil_MobilnÃ­_operÃ¡toÅ™i
1;pr;713013319364321280;cs;Thu Mar 24 15:43:17 CET 2016;O propuÅ¡tÄ›nÃ© lidi z hanuÅ¡ovickÃ½ch strojÃ­ren se uÅ¾ pere konkurence: AÅ¾ stovky zamÄ›stnancÅ¯ strojÃ­renskÃ©ho koncernuâ€¦ #Olomouc_Olomouc_zprÃ¡vy
0;-;713013174736404480;cs;Thu Mar 24 15:42:42 CET 2016;Battleborn - PÅ™Ã­bÄ›hovÃ½ trailer -
0;-;713013327371309056;cs;Thu Mar 24 15:43:19 CET 2016;Neni vetsiho nepritele nez blbost ve vlastnich radach...ó¾Œ´
0;-;713012954623553536;cs;Thu Mar 24 15:41:50 CET 2016;NaplÅˆte mrazÃ¡ky a vyvÄ›ste novÃ© menu s novinkami. NovÃ© #zmrzlinyPrima postupnÄ› pÅ™edstavujeme:
1;sp;713013453842210816;cs;Thu Mar 24 15:43:49 CET 2016;Hodina a pÅ¯l zbÃ½vÃ¡ do ÃºvodnÃ­ho buly 6. ÄŒF #playoff #telh mezi @MountfieldHK a @bkboleslav. PojÄme hoÅ¡i vrÃ¡tit sÃ©rii domÅ¯ ! #verime
0;-;713012914333073411;cs;Thu Mar 24 15:41:40 CET 2016;Planeta Slavia je od ZemÄ› vzdÃ¡lenÃ¡ 2.092 au. #VÄ›ÄnÃ¡Slavia
1;po;713013329128722433;cs;Thu Mar 24 15:43:19 CET 2016;RT @Hospodarky: Radovan #KaradÅ¾iÄ‡ byl mezinÃ¡rodnÃ­m soudem uznÃ¡n vinnÃ½m za genocidu bosenskÃ½ch MuslimÅ¯ ve Srebrenici
1;kr;713013035682684928;cs;Thu Mar 24 15:42:09 CET 2016;RT @pravyprostor: Hamburk: PÄ›tice ArabÅ¯ znÃ¡silnila sedmiletou holÄiÄku -
0;-;713013219661582336;cs;Thu Mar 24 15:42:53 CET 2016;"TÅ™eba jsi to jen Å¡patnÄ› pochopila" "Å˜ekl: RozchÃ¡zÃ­m se s tebou" "Tak asi ne..." #Awkward #NovÃ½OblÃ­benÃ½SeriÃ¡lZabÃ­jteMÄ›
0;-;713013061691564032;cs;Thu Mar 24 15:42:15 CET 2016;RT @live_human_eror: Co byste si objednali, abyste si udÄ›lali radost, kdyÅ¾ budete sad af? ProsÃ­m RT :)
0;-;713013386183835649;cs;Thu Mar 24 15:43:33 CET 2016;nachystala jsem si jÃ­dlo, odeÅ¡la si pro nÄ›co do pokoje, vrÃ¡tila se do kuchynÄ› a uÅ¾ tam nic nebylo, klasika
0;-;713013455914139648;cs;Thu Mar 24 15:43:49 CET 2016;NabÃ­dka podlah, kterÃ© VÃ¡s okouzlÃ­ :)
1;ji;713013107669471232;cs;Thu Mar 24 15:42:26 CET 2016;PomÃ¡hÃ¡m ostatnÃ­m Å™idiÄÅ¯m: nebezpeÄÃ­ na vozovce na JÃ¡chymovskÃ¡, Praha pomocÃ­ @waze - JezdÄ›te solidÃ¡rnÄ›.
1;kr;713012850629996544;cs;Thu Mar 24 15:41:25 CET 2016;Radovan #KaradÅ¾iÄ‡ byl mezinÃ¡rodnÃ­m soudem uznÃ¡n vinnÃ½m za genocidu bosenskÃ½ch MuslimÅ¯ ve Srebrenici
1;kr;713013069572603904;cs;Thu Mar 24 15:42:17 CET 2016;Radovan KaradÅ¾iÄ‡ byl shledÃ¡n vinnÃ½ z genocidy v souvislosti s masakrem ve Srebrenici. Byl odsouzen na 40 let.
0;-;713013258567831552;cs;Thu Mar 24 15:43:02 CET 2016;.@fendrych_m: BabiÅ¡ovy dÄ›ti a #capihnizdo - Kdo neokrÃ¡dÃ¡ stÃ¡t a dojnou krÃ¡vu EU, okrÃ¡dÃ¡ rodinu.
1;kr;713013261801795584;cs;Thu Mar 24 15:43:03 CET 2016;BÃ½valÃ½ pÅ™edÃ¡k bosenskÃ½ch SrbÅ¯ KaradÅ¾iÄ strÃ¡vÃ­ 40 let za mÅ™Ã­Å¾emi. Podle soudu v Haagu nese vinu za masakr ve Srebrenici a oblÃ©hÃ¡nÃ­ Sarajeva
1;kr;713013235147005952;cs;Thu Mar 24 15:42:57 CET 2016;40 let pro KaradÅ¾iÄe. Za Srebrenici a Sarajevo, rozhodl tribiunÃ¡l - Echo24.cz via @echo24cz
1;kr;713013312955527168;cs;Thu Mar 24 15:43:15 CET 2016;KaraÅ¾diÄ byl za Srebrenici odsouzen ke 40 letÅ¯m vÄ›zenÃ­
0;-;713013342865121280;cs;Thu Mar 24 15:43:22 CET 2016;F1 dneÅ¡ka: formÃ¡t kvalifikace: kaÅ¾dÃ½ den jinak, budoucnost Monzy: kaÅ¾dÃ½ den jinak.
0;-;713013602911911936;cs;Thu Mar 24 15:44:24 CET 2016;Dozvuky konference #DECAC2016
1;sp;713013734504067072;cs;Thu Mar 24 15:44:56 CET 2016;HokejistÃ© MladÃ© Boleslavi si dnes mohou zajistit postup do semifinÃ¡le play-off extraligy.
0;-;713013821036707840;cs;Thu Mar 24 15:45:16 CET 2016;ÄŒEST PAMÃTCE JOHANA CRUYFFA!!!!!
0;-;713013829148545025;cs;Thu Mar 24 15:45:18 CET 2016;@martinvagner to pivo mÃ¡ jednu velkou chybu... A sice tu, Å¾e je to Starobrno ğŸ˜–
1;ji;713013902678880256;cs;Thu Mar 24 15:45:36 CET 2016;Guilda zlodÄ›jÅ¯ nynÃ­ v #TheElderScrollsOnline. @XboxCZ @TESOnline
0;-;713013917312749568;cs;Thu Mar 24 15:45:39 CET 2016;RT @TomasRadotinsky: PrvnÃ­ hrÃ¡Ä, kterÃ½ udÄ›lal tohle. RIP.
1;ji;713013946215768064;cs;Thu Mar 24 15:45:46 CET 2016;Dnes expiruje socharky.cz (GPR:1 , SR:1), zatÃ­m nebyla prodlouÅ¾ena. VÃ­ce na
0;-;713013969850646535;cs;Thu Mar 24 15:45:52 CET 2016;Bavila jsem se se psem o zivote a ona hodila grcku :(((((((
0;-;713013984924971010;cs;Thu Mar 24 15:45:55 CET 2016;INZERÃT: "ProdÃ¡m iPhone 6 64GB nebo ho vymÄ›nÃ­m za klÃ¡vesy znaÄky YAMAHA" OK :D
0;-;713014019100131328;cs;Thu Mar 24 15:46:03 CET 2016;tak na tohle jsem zvÄ›davej...
0;-;713014086490071040;cs;Thu Mar 24 15:46:20 CET 2016;Chlapi ve vlaku prÃ¡vÄ› otevÅ™eli piva o hranu okna. FrajeÅ™i to zvlÃ¡daj o obrubnÃ­k @Fasand
0;-;713013649749762049;cs;Thu Mar 24 15:44:35 CET 2016;Dope D.O.D. feat. Redman - Ridiculous Pt.2 (Official Video) prostÅ™ednictvÃ­m @YouTube
0;-;713013718938943489;cs;Thu Mar 24 15:44:52 CET 2016;Tak pak je na Äase vybourat Sobotko-BabiÅ¡ovskou vlÃ¡du ze Strakovky...
0;-;713013845539815425;cs;Thu Mar 24 15:45:22 CET 2016;RT @veselovskyma: Takze ja jsem se v mladi sebezotrocil! Paneboze, kde se bere ta snaha linkovat ostatnim zivot? #cojevamdotoho #sakra httpâ€¦
0;-;713013876774805504;cs;Thu Mar 24 15:45:30 CET 2016;10 Best Restaurants in Olomouc, Czech Republic via @culturetrip
0;-;713013916381618177;cs;Thu Mar 24 15:45:39 CET 2016;RT @TheStudentTimes: To je prostÄ› "lidovka"... via @janekrubes
0;-;713013651175837697;cs;Thu Mar 24 15:44:36 CET 2016;RT @HonzaKalab: MÅ¯j Å¾ivot obsahuje tolik otaznÃ­kÅ¯.
0;-;713013983989669888;cs;Thu Mar 24 15:45:55 CET 2016;Napsali o nÃ¡s:
1;kr;713013674223476737;cs;Thu Mar 24 15:44:41 CET 2016;DoplnÄ›nÃ­: KaradÅ¾iÄ‡ dostal 40 let, podle Haagu nese vinu za Srebrenici i Sarajevo
1;kr;713013845325819904;cs;Thu Mar 24 15:45:22 CET 2016;#KaradÅ¾iÄ‡ je vinnÃ½ z genocidy v souvislosti s masakrem v Srebrenici -
1;ji;713013533491994625;cs;Thu Mar 24 15:44:08 CET 2016;RT @AdamHazdra: VeÄernÃ­ projekty startujÃ­. Do pÅ™Ã­Å¡tÃ­ho Ätvrtka se mÅ¯Å¾ete pÅ™ihlÃ¡sit na projekt pro @lmc_eu pak budeâ€¦
0;-;713014304925163520;cs;Thu Mar 24 15:47:12 CET 2016;Trvalo to 20 let, ale koneÄnÄ›. 40 let pro tohohle Å¡mejda je jako doÅ¾ivotÃ­. Well done!
1;ji;713014324625858560;cs;Thu Mar 24 15:47:16 CET 2016;RT @doprava_v_praze: âš ï¸ #Nehody ul. ÄŒuprova, HejtmÃ¡nkova, dÃ©lka 48mneprÅ¯jezdnÃ½ pruh, 2Ã—OAprobÃ­hÃ¡ vyÅ¡etÅ™ovÃ¡nÃ­ nehody, nebezpeÄÃ­2Ã—OA, â€¦ htâ€¦
1;po;713014420838989824;cs;Thu Mar 24 15:47:39 CET 2016;PrimÃ¡torka Adriana KrnÃ¡ÄovÃ¡ pÅ™ivÃ­tala dnes v Rezidenci dÄ›ti, kterÃ© se narodily v Praze letos 1.â€¦
0;-;713014559850815489;cs;Thu Mar 24 15:48:12 CET 2016;PÅ™Ã¡nÃ­ od Pavla Svobody : tichÃ© a klidnÃ© svÃ¡tky -
1;kr;713014596098007040;cs;Thu Mar 24 15:48:21 CET 2016;â€šVinen z genocidy, pÅ™Ã¡l si smrt MuslimÅ¯.â€˜ Radovana KaradÅ¾iÄ‡e odsoudili na 40 let
0;-;713014343940575232;cs;Thu Mar 24 15:47:21 CET 2016;Uz je to tady-utahovani sroubu, posilovani velkeho bratra a heslo:"musime zachovat nas zpusob zivota" je zapomenuto
0;-;713014713886588930;cs;Thu Mar 24 15:48:49 CET 2016;PrÃ¡zdniny ve Å¡kolÃ¡ch majÃ­ nÄ›co do sebe.DÄ›ti pak udÄ›lajÃ­ doma spoustu prÃ¡ce,na kterou bÄ›Å¾nÄ› nemajÃ­ Äas. MZ mÃ¡ pravdu,mÃ¡me se od ÄŒLR co uÄit
0;-;713014305638187009;cs;Thu Mar 24 15:47:12 CET 2016;RT @gigabyznys: â€Pokud mÅ¯Å¾ete zÃ­skat dotace, vydÃ¡vejte se tÅ™eba i za chudÃ¡ka!â€œ Giga rada Ä. 18: #Babis #CapiHnizdo
0;-;713014433023266817;cs;Thu Mar 24 15:47:42 CET 2016;KrÃ¡snÃ½ zelenÃ½ Ätvrtek! Velikonoce jsou za dveÅ™mi, dÃ¡my urÄitÄ› uÅ¾ chystajÃ­ vajÃ­Äka a peÄou berÃ¡nky. :) ZÃ­tra nÃ¡s...
1;ji;713014333219938304;cs;Thu Mar 24 15:47:18 CET 2016;PomÃ¡hÃ¡m ostatnÃ­m Å™idiÄÅ¯m: vÃ½mol ve vozovce na K Austisu, Praha pomocÃ­ @waze - JezdÄ›te solidÃ¡rnÄ›.
0;-;713014238042853377;cs;Thu Mar 24 15:46:56 CET 2016;#USDCAD v bÃ½ÄÃ­m momentu, rezistence na 1,3350 (200DMA). Stochastic ani MACD nejsou proti #fx
1;ji;713014537612632064;cs;Thu Mar 24 15:48:07 CET 2016;NÃ¡vrat na mÃ­sto Äinu. JihomoravskÃ½ hejtman M. HaÅ¡ek se zÃºÄastnil otevÅ™enÃ­ opravenÃ©ho sklenÃ­ku v LÃ¡nech.
1;ji;713014758048473088;cs;Thu Mar 24 15:49:00 CET 2016;RT @jvety: NeÅ¾ vyjedete na dlouhÃ½ vÃ­kend, dejte si do kalendÃ¡Å™e termÃ­n letoÅ¡nÃ­ho E-Business FÃ³ra (EBF) a to 27.9..
0;-;713014763333279744;cs;Thu Mar 24 15:49:01 CET 2016;@BedrichCerny NevÃ­me, zda to opravdu zvlÃ¡dneme na AprÃ­la, ale duben (jeho prvnÃ­ polovina) platÃ­. ProsÃ­me o trpÄ›livost.
1;kr;713014812960227329;cs;Thu Mar 24 15:49:13 CET 2016;RT @CT24zive: KaraÅ¾diÄ byl za Srebrenici odsouzen ke 40 letÅ¯m vÄ›zenÃ­
1;sp;713014875958743040;cs;Thu Mar 24 15:49:28 CET 2016;Dvacet mladÃ½ch ÄÃ­nskÃ½ch hokejistÅ¯ se bude pÅ™ipravovat v Praze ğŸ˜‰
0;-;713014911614459904;cs;Thu Mar 24 15:49:36 CET 2016;RT @StetinaEP: Byli to Karadzicovi ozbrojenci, co na nÃ¡s stÅ™Ã­leli, kdyÅ¾ jsme tenkrÃ¡t v Sarajevu pracovali.
0;-;713014998658904064;cs;Thu Mar 24 15:49:57 CET 2016;DÃ­ky rychlÃ©mu odchodu mi v prÃ¡ci zÅ¯stala Äepice, zato si v kapse vezu svazek klÃ­ÄÅ¯ od detaÅ¡.pracoviÅ¡tÄ› a doklady a klÃ­Äe od sluÅ¾.auta.
0;-;713015000697348096;cs;Thu Mar 24 15:49:58 CET 2016;KopÅ™ivy pro sportovce? PÅ™eÄtÄ›te si pÅ™ekvapivÃ© ÃºÄinky , o kterÃ½ch jste nevÄ›dÄ›li! #BehejSrdcem
0;-;713015008737763328;cs;Thu Mar 24 15:49:59 CET 2016;SouÄasnÃ¡ kauza "ÄŒapÃ­ hnÃ­zdo" je jiÅ¾ ponÄ›kud otravnÃ¡. JestliÅ¾e nÄ›kdo ve vysokÃ© funkci lÅ¾e, mÄ›l vy vypadnout. Ale co, jsme v ÄŒechÃ¡ch!.
0;-;713015013544443905;cs;Thu Mar 24 15:50:01 CET 2016;RT @HoupaciOsel: Je to sladÅ¡Ã­ neÅ¾ Å¡tÄ›nÄ› namoÄenÃ© v karamelu.
0;-;713015013833891840;cs;Thu Mar 24 15:50:01 CET 2016;RT @RostockPoplar: Nevite jakeho noveho StBaka doporucuji po vcerejsku volit moralni majaky Janecek Bernard Jancura Kraus a Randak? #BanÃ¡noâ€¦
1;kr;713015036671762434;cs;Thu Mar 24 15:50:06 CET 2016;V EvropÄ› zÅ™ejmÄ› ÃºtoÄÃ­ nejvÄ›tÅ¡Ã­ teroristickÃ¡ buÅˆka, se kterou se kontinent setkal, varujÃ­ experti
0;-;713015181777965056;cs;Thu Mar 24 15:50:41 CET 2016;sestra uÅ¾ tu asi hodinu posiluje, zatÃ­mco jÃ¡ jsem Å¡tÄ›stÃ­m bez sebe, protoÅ¾e jsem naÅ¡la v noÄnÃ­m stolku balenÃ­ skoÅ™icovejch suÅ¡enek.
0;-;713015192846774272;cs;Thu Mar 24 15:50:43 CET 2016;@1PavelSvoboda VÃ¡m takÃ© a dÃ­ky za nadÄ›ji, kterou osobnÄ›, v duchu Velikonoc, pÅ™inÃ¡Å¡Ã­te :))
1;ji;713015198374838276;cs;Thu Mar 24 15:50:45 CET 2016;Dnes expiruje softcore.cz (GPR:0, SR:0), zatÃ­m nebyla prodlouÅ¾ena. VÃ­ce na
0;-;713015254561722368;cs;Thu Mar 24 15:50:58 CET 2016;RT @quelhar: VÃ­ce investic od CEFC pÅ™ed stadionem @BohemiansPraha. NÃ¡hoda? :o)
1;ji;713015337835433984;cs;Thu Mar 24 15:51:18 CET 2016;Dneska vecer se uslysime na ctvrtecnim JÃ„GERMIXU na zname adrese Karlova 25, Praha 1 v klubu Alternatiff Area...
0;-;713015359922651136;cs;Thu Mar 24 15:51:23 CET 2016;RT @broochcz: NemÅ¯Å¾u si pomoct. MimoÅˆskÃ¡ vlÃ¡da prostÄ›.
1;ji;713015374208438272;cs;Thu Mar 24 15:51:27 CET 2016;RT @Hrej_cz: Hry z pÅ¯vodnÃ­ho Xboxu na XO nepÅ¯jdou
0;-;713015524695941121;cs;Thu Mar 24 15:52:02 CET 2016;@nocni_kanec uznÃ¡vÃ¡m, pÅ™esto jsem to riskl :D
1;kr;713015549022875649;cs;Thu Mar 24 15:52:08 CET 2016;RT @Periskop_Acz: Vinen. KaradÅ¾iÄ dostal za genocidu a zloÄiny proti lidskosti 40 let vÄ›zenÃ­
0;-;713015609747980288;cs;Thu Mar 24 15:52:23 CET 2016;OznaÄil(-a) som video @YouTube Hana ZagorovÃ¡ - SmÄ›s hitÅ¯ ako PÃ¡Äi sa mi
0;-;713014967868526592;cs;Thu Mar 24 15:49:50 CET 2016;Takhle mi to koneÄnÄ› dÃ¡vÃ¡ smysl. Kde budu jÃ­st, nevim.
0;-;713015065713250305;cs;Thu Mar 24 15:50:13 CET 2016;Sakra, tak uÅ¾ mÃ¡me @cvrliky, @cvrliky_sport. Co bude dÃ¡l? Cvrliky love? ZpravodajskÃ½ kanÃ¡l Cvrliky? OsobnÄ› se nejvÃ­c tÄ›Å¡Ã­m na Cvrliky Art
0;-;713015152245940224;cs;Thu Mar 24 15:50:34 CET 2016;KaradÅ¾iÄ‡ 40 let (y) akorÃ¡t Å¡koda, Å¾e nejde ty magory pozavÃ­rat vÅ¡echny.
0;-;713015271414448131;cs;Thu Mar 24 15:51:02 CET 2016;NemÅ¯Å¾u si pomoct. MimoÅˆskÃ¡ vlÃ¡da prostÄ›.
1;ku;713015497520971776;cs;Thu Mar 24 15:51:56 CET 2016;UÅ¾ se nÃ¡m to blÃ­Å¾Ã­. MalÃ½ PÃ¡n je tento rok v soutÄ›Å¾i na festivalu FinÃ¡le PlzeÅˆ 2016. Program je uÅ¾ ke staÅ¾enÃ­....
0;-;713015616005935105;cs;Thu Mar 24 15:52:24 CET 2016;RT @darina_vymetali: Napadlo mÄ› to uÅ¾ dÃ¡vno, ale MatÄ›j StropnickÃ½ mi to dnes pÅ™ipomnÄ›l. NejvÄ›tÅ¡Ã­ paseku nadÄ›lajÃ­ vÅ¾dy ti, kdo to s nÃ¡mi mysâ€¦
0;-;713015413903396868;cs;Thu Mar 24 15:51:36 CET 2016;ZelenÃ½ Ätvrtek nenÃ­ zÃ¡suvkovÃ½ den....a navÃ­c zvony odletÄ›ly pÅ™es Brusel
0;-;713015519721439232;cs;Thu Mar 24 15:52:01 CET 2016;Asi pÃ­Å¡ou cedule po Å½ateckÃ© desÃ­tce :)
0;-;713015641452752896;cs;Thu Mar 24 15:52:30 CET 2016;LÃ­bÃ­ se mi video @YouTube DOOM | official trailer (2016) E3 2015
0;-;713014833831153664;cs;Thu Mar 24 15:49:18 CET 2016;Automatizaci mÃ¡m ve smyslu: naÄti tohle, tÃ­m se odblokuje tohle, pÅ™es CSRF poÅ¡li tohle sem a pak poÅ¡li usera na tuhle URL a spustÃ­ se mu JS.
1;ji;713014923031420928;cs;Thu Mar 24 15:49:39 CET 2016;Hry z pÅ¯vodnÃ­ho Xboxu na XO nepÅ¯jdou
0;-;713015083912269824;cs;Thu Mar 24 15:50:17 CET 2016;PÅ™idal(a) jsem do alba â€SkandinÃ¡viÃ­ inspirovanÃ½ bytâ€œ na Facebooku fotky (43)
0;-;713015297666580480;cs;Thu Mar 24 15:51:08 CET 2016;Ze slavnostnÃ­ho otevÅ™enÃ­ opravenÃ©ho palmovÃ©ho sklenÃ­ku v LÃ¡nech.
1;po;713015723564658689;cs;Thu Mar 24 15:52:50 CET 2016;ZdaÅˆme nÃ¡hrady cÃ­rkvÃ­m, navrhli v parlamentu komunisti. Ministr @AndrejBabis jejich nÃ¡pad podpoÅ™il.
0;-;713015737292603392;cs;Thu Mar 24 15:52:53 CET 2016;RT @neoluxorcz: VÃ­ce neÅ¾ 60 let po romÃ¡nu Most pÅ™es Å™eku Kwai se ke stejnÃ©mu tÃ©matu vracÃ­ Richard Flanagan. #recenze
0;-;713015771014815744;cs;Thu Mar 24 15:53:01 CET 2016;RT @j_brychta: DosavadnÃ­ ÃºÄast v US primÃ¡nkÃ¡ch: RepublikÃ¡ni 19,8 mil., demokrati 14,8 mil. a 106 mil nevolilo nikoho.
0;-;713015835791605761;cs;Thu Mar 24 15:53:17 CET 2016;RT @chuckynoris14: Dneska mÃ¡m sobotu.
0;-;713015880523886592;cs;Thu Mar 24 15:53:27 CET 2016;Tencent QQ Watch: dÄ›tskÃ© hodinky, kterÃ© ohlÃ­dajÃ­ vaÅ¡e dÄ›ti.
0;-;713015956239462400;cs;Thu Mar 24 15:53:45 CET 2016;@martinvagner ale jo,jedno,dvÄ› ÄlovÄ›k zvlÃ¡dne. BohuÅ¾el poslat jich tam deset tak je druhej den pÅ™Ã­Å¡ernej kocour...
0;-;713016196073988097;cs;Thu Mar 24 15:54:43 CET 2016;RT @KongresZen: KaÅ¾dÃ¡ Å¾ena je v srdci hrÃ¡Äka, vÄetnÄ› tvojÃ­ matky. PoÄÃ­taÄovÃ© hry jsou vnÃ­mÃ¡ny jako muÅ¾skÃ© pole.
0;-;713016213425631233;cs;Thu Mar 24 15:54:47 CET 2016;#beard #homeless #anotherone #prague more uÅ¾ stÃ¡rnu asi Å¾e mi rostou vousy )
0;-;713016214944137216;cs;Thu Mar 24 15:54:47 CET 2016;@marbul_ka @AlbinaMrazova to rozjedu jako franÅ¡Ã­zu :))
0;-;713016285827899392;cs;Thu Mar 24 15:55:04 CET 2016;Kdo u studia brigÃ¡dniÄÃ­, mÃ¡ pak choutky tÅ™eba lÃ©tat letadlem na dovolenou. A to se nemÃ¡, jak uÅ¾ dÅ™Ã­ve MS informoval.
0;-;713015726009933824;cs;Thu Mar 24 15:52:50 CET 2016;Za pÃ¡r minut zaÄÃ­nÃ¡me :-) @Petra_Kvitova vs @IrinaFalconi #pojd
0;-;713015991148617728;cs;Thu Mar 24 15:53:54 CET 2016;A jeste tu o Cervene karkulce bych prosil...ó¾Œ³ó¾Œ°ó¾Œ¸
1;po;713016092466233344;cs;Thu Mar 24 15:54:18 CET 2016;Z OKD pÅ¯jde 345 lidÃ­, Å™Ã­kÃ¡ ministr @jan_mladek
1;sp;713016181448421376;cs;Thu Mar 24 15:54:39 CET 2016;PÅ™ipravte hracÃ­ plochu pro pÅ™Ã­chod hvÄ›zdy. UÅ¾ 6. 4. vlÃ©tne na led. #OO
0;-;713015687573323778;cs;Thu Mar 24 15:52:41 CET 2016;A krÃ¡snÃ© Velikonoce vÅ¡em!
0;-;713015763209216000;cs;Thu Mar 24 15:52:59 CET 2016;RT @JanTuna: Tak hit diskotÃ©k 2016 bychom mÄ›li. A hlavnÄ› je potÅ™eba se ofotit :-)
0;-;713015723388506113;cs;Thu Mar 24 15:52:50 CET 2016;VelikonoÄnÃ­ pondÄ›lÃ­ mÃ¡me otevÅ™eno :-)
1;ku;713015842276032512;cs;Thu Mar 24 15:53:18 CET 2016;Abysme se toho @container_brno vÅ¯bec doÅ¾ili :-D kdo to dÃ¡, aÅ¥ se hlÃ¡sÃ­ od 19:00 v Music Lab!
0;-;713016201681747970;cs;Thu Mar 24 15:54:44 CET 2016;Korus vÅ¡em pÅ™eje pÄ›knÃ© Velikonoce :-)
0;-;713016180693475328;cs;Thu Mar 24 15:54:39 CET 2016;LÃ­bÃ­ se mi video @YouTube DOOM â€“ Official Multiplayer Trailer
0;-;713015879018094592;cs;Thu Mar 24 15:53:27 CET 2016;RT @DevelCZ: Jak se vÃ¡m lÃ­bil roÄnÃ­k Devel.cz 2016 a jednotlivÃ© pÅ™ednÃ¡Å¡ky? ZnÃ¡mkujte a poÅ¡lete nÃ¡m zpÄ›tnou vazbu. DÃ­ky!
1;kr;713016329800970241;cs;Thu Mar 24 15:55:14 CET 2016;AtentÃ¡ty v Bruselu: hromadnÃ© ruÅ¡enÃ­ letenek a mimoÅ™Ã¡dnÃ½ spoj do Prahy prostÅ™ednictvÃ­m @iDNEScz
1;kr;713016331575033856;cs;Thu Mar 24 15:55:15 CET 2016;Å½alobci zruÅ¡ili stÃ­hÃ¡nÃ­ osmi firem a tÅ™Ã­ manaÅ¾erÅ¯ obvinÄ›nÃ½ch z podvodÅ¯ pÅ™i IT tendrech: NejvyÅ¡Å¡Ã­ stÃ¡tnÃ­ zastupitelstvÃ­ (NSZ)â€¦ #ZprÃ¡vy_Domov
0;-;713016334343413760;cs;Thu Mar 24 15:55:15 CET 2016;@ladiskav na twitter se popisek tÄ›Å¾ko do 140 znakÅ¯ vejde. MluvÃ­me o ÄlÃ¡nku. Tady je obrÃ¡zek jen ilustraÄnÃ­ a bere se prÃ¡vÄ› z ÄlÃ¡nku :)
0;-;713016365007900672;cs;Thu Mar 24 15:55:23 CET 2016;@Fbeyeee a po nÄ›m nepojmenovali ani parÄÃ­k na venÄenÃ­ psÅ¯.
0;-;713016576866402305;cs;Thu Mar 24 15:56:13 CET 2016;RT @tombed1: A pak Å¾e v BrnÄ› to nejde... #metro
0;-;713016589193449473;cs;Thu Mar 24 15:56:16 CET 2016;RT @SklenarPetr: Co Å™eÅ¡Ã­ EU v dobÄ› migraÄnÃ­ krize a teroristickÃ½ch ÃºtokÅ¯? Normu jak dlouho mÃ¡ hoÅ™et vÃ¡noÄnÃ­ svÃ­Äka #NeuvÄ›Å™itelnÃ½BizÃ¡r httpsâ€¦
0;-;713016658407919617;cs;Thu Mar 24 15:56:33 CET 2016;Co si mÃ¡m koupit za novÃ½ telefon? #Note4 zaÄal troÅ¡ku hw zlobit... Pokud jinÃ½, napiÅ¡te prosÃ­m :-)
1;ku;713016756202258433;cs;Thu Mar 24 15:56:56 CET 2016;RT @mediarcz: Na Velikonoce pÅ™ijedou ÄŒÃ­Åˆani a s nimi novÃ½ KrteÄek â†’ @TBarrandov
0;-;713016878583648257;cs;Thu Mar 24 15:57:25 CET 2016;ZÃ­tra jedu na vÃ½stavu Titanicu ğŸ˜ğŸš¢ ÃÃ¡Ã¡Ã¡Ã¡, mega moc se tÄ›Å¡Ã­m!
0;-;713016884531101696;cs;Thu Mar 24 15:57:27 CET 2016;Je dobrÃ© zjistit,Å¾e sem jel bez papÃ­rÅ¯,aÅ¾ kdyÅ¾ jedu zpÃ¡tky.A tÄ›ch cajtu po cestÄ› ğŸ˜† #worktrip
0;-;713016548009590786;cs;Thu Mar 24 15:56:06 CET 2016;VÄ›domostnÃ­ soutÄ›Å¾ s tÃ½movou souhrou
0;-;713016586534273025;cs;Thu Mar 24 15:56:16 CET 2016;TÄ›Å¡Ã­me se na lÃ©to!
0;-;713016760274968577;cs;Thu Mar 24 15:56:57 CET 2016;OvÄÃ¡Äek se definitivnÄ› zblÃ¡znil? ZaloÅ¾il ÃºÄet @hostzCLR a tweetuje o zÃ¡vod.. Je to fakt, nebo fake, pane Jyrko? ğŸ˜±
0;-;713016507043815424;cs;Thu Mar 24 15:55:57 CET 2016;Na cestÄ› do Aggtelek, sdÃ­lÃ­m aktuÃ¡lnÃ­ informace o provozu WazerÅ¯m v mÄ› oblasti. OÄekÃ¡vanÃ½ Äas pÅ™Ã­jezdu 5:33 PM dÃ­ky @waze - JezdÄ›te solid...
0;-;713016691874258944;cs;Thu Mar 24 15:56:41 CET 2016;ZelenÃ½ ÄŒtvrtek. Green Thursday.
0;-;713016819330760704;cs;Thu Mar 24 15:57:11 CET 2016;LÃ­bÃ­ se mi video @YouTube DOOM â€“ Multiplayer Modes Revealed
1;ji;713016383978737668;cs;Thu Mar 24 15:55:27 CET 2016;PomÃ¡hÃ¡m ostatnÃ­m Å™idiÄÅ¯m: nebezpeÄÃ­ na vozovce na JiÅ¾nÃ­ spojka, Praha pomocÃ­ @waze - JezdÄ›te solidÃ¡rnÄ›.
1;ji;713016473455869952;cs;Thu Mar 24 15:55:49 CET 2016;PomÃ¡hÃ¡m ostatnÃ­m Å™idiÄÅ¯m: viditelnÃ¡ policejnÃ­ hlÃ­dka na JiÅ¾nÃ­ spojka, Praha pomocÃ­ @waze - JezdÄ›te solidÃ¡rnÄ›.
1;ku;713016724136833026;cs;Thu Mar 24 15:56:48 CET 2016;Na Velikonoce pÅ™ijedou ÄŒÃ­Åˆani a s nimi novÃ½ KrteÄek â†’ @TBarrandov
0;-;713016425246560256;cs;Thu Mar 24 15:55:37 CET 2016;Kdo mÃ¡ novÃ½ botiÄky ?ğŸŒ #NMD
0;-;713016576186970112;cs;Thu Mar 24 15:56:13 CET 2016;@TMobile_Podpora ZdravÃ­m, Martino, dÃ­ky. 24. 3. 2015 jsem hlÃ¡sil drobnou chybu, kterÃ¡ je vedena pod id TMCZ #162, zdÃ¡ se, Å¾e nenÃ­ opravenÃ¡.
0;-;713016902679990272;cs;Thu Mar 24 15:57:31 CET 2016;@TMobile_Podpora Jinak ty moje duplicity jsou #602 a #653. ChÃ¡pu, Å¾e je nÄ›kdo naÅ¡el dÅ™Ã­v, to se stÃ¡vÃ¡, dokÃ¡zala byste zjistit kdy? DÃ­ky!
0;-;713016918337314817;cs;Thu Mar 24 15:57:35 CET 2016;ÄŒaute vÅ¡ichni, za chvÃ­li nÃ¡m zaÄne Seejaybox a tak si nechte zahrÃ¡t nÄ›jakou dobrou pecku:P MalÃ¡ Pett:P
0;-;713016981562253313;cs;Thu Mar 24 15:57:50 CET 2016;@PepaKopecky @AndrejBabis jak neotÅ™elÃ©.
0;-;713017013170487296;cs;Thu Mar 24 15:57:57 CET 2016;RT @Fbeyeee: LetiÅ¡tÄ› VÃ¡clava Havla. Byla to politickÃ¡ schvÃ¡lnost s nestÃ¡lÃ½m nÃ¡dechem, stÄ›Å¾uje si Klaus..sveÅ™epÃ½ zase vÃ¡lÃ­.
0;-;713017027619852288;cs;Thu Mar 24 15:58:01 CET 2016;@marbul_ka proÄ mÃ¡Å¡ zÃ¡meÄek?
0;-;713017045470863360;cs;Thu Mar 24 15:58:05 CET 2016;NormÃ¡lnÃ­ a paranormÃ¡lnÃ­ rozdÄ›lenÃ­ )
0;-;713017081038508032;cs;Thu Mar 24 15:58:13 CET 2016;DneÅ¡nÃ­ dÃ¡rek. MÃ­ klienti mne milujÃ­. NevydrÅ¾el v AK hodinu, jsme jak kobylky ğŸ˜€
0;-;713017083353653248;cs;Thu Mar 24 15:58:14 CET 2016;pomoc pÅ™i vÃ½bÄ›ru 30k max: ZdravÃ­m, tato komunita mi pÅ™ijde nejvÃ­ce zkuÅ¡enÃ¡, proto jÃ¡ noob se ptÃ¡m vÃ¡s:) hledÃ¡mâ€¦ #Televize_LCD_plazma
1;po;713017093248004096;cs;Thu Mar 24 15:58:16 CET 2016;StÃ¡tnÃ­ zastupitelstvÃ­ zruÅ¡ilo stÃ­hÃ¡nÃ­ firem i osob v kauze IT zakÃ¡zek: Olomouc - NejvyÅ¡Å¡Ã­ stÃ¡tnÃ­ zastupitelstvÃ­ (NSZ) zruÅ¡iloâ€¦ #ZprÃ¡vy
1;po;713017107894513664;cs;Thu Mar 24 15:58:20 CET 2016;NepotÅ™ebujeme planÃ© Å™eÄi, reaguje Sobotka na to, Å¾e ve SnÄ›movnÄ› neproÅ¡la dohoda o Turecku: KritickÃ¡ usnesenÃ­ SnÄ›movny vÅ¯Äi postojÅ¯â€¦ #DomÃ¡cÃ­
1;pr;713017112608907264;cs;Thu Mar 24 15:58:21 CET 2016;Od 7. dubna se v Praze oficiÃ¡lnÄ› zaÄnou prodÃ¡vat vozy Rolls-Royce. ZÃ¡jemcÅ¯ o nÄ› prÃ½ bude dost: V ÄŒesku se bude kaÅ¾dÃ½ rok prodÃ¡vatâ€¦ #Auto
1;kr;713017117553995779;cs;Thu Mar 24 15:58:22 CET 2016;Policie dopadla trojici lupiÄÅ¯, kteÅ™Ã­ napadli seniorku. Pomohla databÃ¡ze DNA: PolicistÃ© zatÃ­m vyÄÃ­slili Å¡kodu vzniklou zâ€¦ #ÃšsteckÃ½_kraj
1;po;713017121354027008;cs;Thu Mar 24 15:58:23 CET 2016;ZemanÅ¯v ÃºÅ™ad zruÅ¡il vÄ›tÅ¡inu stÃ­hÃ¡nÃ­ v rozsÃ¡hlÃ© kauze IT zakÃ¡zek za 438 milionÅ¯: PÅ™Ã­pad se tÃ½kÃ¡ zadÃ¡vÃ¡nÃ­ veÅ™ejnÃ½ch zakÃ¡zek vâ€¦ #DomÃ¡cÃ­
1;kr;713017124457820165;cs;Thu Mar 24 15:58:24 CET 2016;Provozovatel utrÅ¾enÃ© lanovky odmÃ­tl vinu za smrt muÅ¾e. Hosty varoval, aby ji nepouÅ¾Ã­vali: SoudkynÄ› jednÃ¡nÃ­ odroÄila,â€¦ #KrÃ¡lovehradeckÃ½_kraj
1;ji;713017125854547968;cs;Thu Mar 24 15:58:24 CET 2016;LoÅˆskÃ½ rok byl pro motocyklisty nejtragiÄtÄ›jÅ¡Ã­ za poslednÃ­ch pÄ›t let: V roce 2015 bylo pÅ™i dopravnÃ­ch nehodÃ¡ch usmrceno 90 motocyklistÅ¯ aâ€¦
0;-;713017163980742656;cs;Thu Mar 24 15:58:33 CET 2016;DvÄ› poruchy zÃ¡kladnÃ­ch pudÅ¯: Komunismus a slunÃ­ÄkÃ¡Å™stvÃ­: Jak komunistÃ©, tak slunÃ­ÄkÃ¡Å™i by tÄ›Å¾ce nesli, Å¾e je nÄ›kdo pÅ™irovnÃ¡vÃ¡ k tÄ›m druhÃ½m.â€¦
0;-;713017165952122880;cs;Thu Mar 24 15:58:34 CET 2016;TapetÃ¡Å™skÃ© prÃ¡ce Å˜Ã­Äany u Prahy Obchody levnÄ›: TapetÃ¡Å™skÃ© prÃ¡ce Å˜Ã­Äany u Prahy Obchody levnÄ› Tapety patÅ™Ã­â€¦ #tapetÃ¡Å™skÃ©_prÃ¡ce_Å˜Ã­Äany_u_prahy
0;-;713017202304278529;cs;Thu Mar 24 15:58:42 CET 2016;RT @MyPragueapp: RoÅ¾mberk nad Vltavou - Czech Republic
0;-;713017251528630277;cs;Thu Mar 24 15:58:54 CET 2016;RT @mobilmania_cz: Jak vyzrÃ¡t na hybridnÃ­ slot? StaÄÃ­ vÃ¡m lepicÃ­ pÃ¡ska, nÅ¯Å¾ a trocha kurÃ¡Å¾e mobilmania.cz
1;po;713017335196557312;cs;Thu Mar 24 15:59:14 CET 2016;RT @mzvcr: SetkÃ¡nÃ­ @ZaoralekL s prez.Svazu prÅ¯myslu a dopravy J.HanÃ¡kem+prez.HospodÃ¡Å™. komory V.DlouhÃ½m
0;-;713017341261570052;cs;Thu Mar 24 15:59:16 CET 2016;@PepaKopecky Hmmm, co na to @PavelBelobradek ? NekouÅ¡e ANO do ruky koaliÄnÃ­ho partnera, kterÃ½ za nÄ› vÄera tahal horkÃ© kaÅ¡tany z ohnÄ›?
0;-;713017486602604544;cs;Thu Mar 24 15:59:50 CET 2016;Je prostÄ› tak dobrej, Å¾e uÅ¾ si to ani nepamatuje...
0;-;713017535034163200;cs;Thu Mar 24 16:00:02 CET 2016;â€PÅ™i vyuÄovÃ¡nÃ­ v #USA je dÅ¯leÅ¾itÃ© zkombinovat americkÃ½ pÅ™Ã­stup s evropskÃ½m,â€œ Å™Ã­kÃ¡ H. Miller #americkysen
1;kr;713016996229734400;cs;Thu Mar 24 15:57:53 CET 2016;RT @JakubKotalik: Radovan #Karadzic je zodpovÄ›dnÃ½ za genocidu ve Srebrenici. Dostal 40 let @ICTY
1;pr;713017091956285441;cs;Thu Mar 24 15:58:16 CET 2016;SPOLEK ZEMÄšMÄšÅ˜IÄŒÅ® BRNO si VÃ¡s dovoluje pozvat na celostÃ¡tnÃ­ odbornÃ½ seminÃ¡Å™ POZEMKOVÃ‰ ÃšPRAVY XXI., kterÃ½ se konÃ¡...
0;-;713017483846946816;cs;Thu Mar 24 15:59:50 CET 2016;Budu si muset najÃ­t kluka, kterÃ½ bude rozumÄ›t poÄÃ­taÄÅ¯m, elektÅ™inÄ› a vÅ¡emu takovymu. ProtoÅ¾e jinak budeme oba asi dost v haji ğŸ˜‚ğŸ˜‚ğŸ˜‚
1;ji;713017226069204993;cs;Thu Mar 24 15:58:48 CET 2016;PomÃ¡hÃ¡m ostatnÃ­m Å™idiÄÅ¯m: odstavenÃ© vozidlo na JiÅ¾nÃ­ spojka, Praha pomocÃ­ @waze - JezdÄ›te solidÃ¡rnÄ›.
0;-;713017477773574144;cs;Thu Mar 24 15:59:48 CET 2016;RT @HC_Plzen: DÃ­ky postupu do semifinÃ¡le #TELH se Å kodovka podÃ­vÃ¡ v pÅ™Ã­Å¡tÃ­ sezÃ³nÄ› i do @championshockey ğŸ‘ğŸ‘ #CHL
1;sp;713017526788210688;cs;Thu Mar 24 16:00:00 CET 2016;RT @fotbalova_repre: V 68 letech zemÅ™ela fotbalovÃ¡ legenda @KNVB Johan Cruyff. RIP
0;-;713017522132484096;cs;Thu Mar 24 15:59:59 CET 2016;Andrej - Moje hovno nesmrdÃ­ Jaroslav - Pan pÅ™edseda mÃ¡ pravdu Martin - DokaÅ¾te, Å¾e jsem ho snÄ›dl Jaroslava - Rozprava o vÅ¯ni se nepÅ™ipouÅ¡tÃ­
0;-;713017515023196160;cs;Thu Mar 24 15:59:57 CET 2016;DneÅ¡nÃ­ MfD pÃ­Å¡e, Å¾e BabiÅ¡ou kliÄku s dotacemi dÄ›lali velcÃ­ podnikatelÃ© bÄ›Å¾nÄ›. Å½e ale nikdo z nich neÅ¡el Äistit politiku od Å¡pÃ­ny, neuvedli.
1;pr;713017049358831616;cs;Thu Mar 24 15:58:06 CET 2016;StoupajÃ­cÃ­ cena ropy Å¾ene nahoru i ceny Naturalu 95 a nafty.
1;po;713017083295088640;cs;Thu Mar 24 15:58:14 CET 2016;SetkÃ¡nÃ­ @ZaoralekL s prez.Svazu prÅ¯myslu a dopravy J.HanÃ¡kem+prez.HospodÃ¡Å™. komory V.DlouhÃ½m
0;-;713017370240020484;cs;Thu Mar 24 15:59:22 CET 2016;Mezi lidmi, kteÅ™Ã­ vzdÃ¡vajÃ­ hold Johannu Cruijffovi je i Å™ada holandskÃ½ch architektÅ¯. Ne nÃ¡hodou. Architekti milujÃ­ novÃ© koncepty organizace.
1;ji;713017500175364096;cs;Thu Mar 24 15:59:53 CET 2016;Devel Konference 2016 roÄnÃ­k ozdobenÃ½ konfetami via @zdrojak
0;-;713017530047139840;cs;Thu Mar 24 16:00:01 CET 2016;MatÄ›j @Phulky je â­ï¸.ğŸ‘ŒğŸ»
0;-;713017602658934784;cs;Thu Mar 24 16:00:18 CET 2016;Aplikace FingerIO: OvlÃ¡dÃ¡nÃ­ telefonu, aniÅ¾ byste se ho dotkli -
0;-;713017680832364544;cs;Thu Mar 24 16:00:36 CET 2016;KonÄÃ­ snad mediÃ¡lnÃ­ zaslepenÃ¡ politickÃ¡ korektnost a poklonkovÃ¡nÃ­ probruselskÃ½m pohlavÃ¡rÅ¯m? TleskÃ¡m za tato slova:
0;-;713017712453296128;cs;Thu Mar 24 16:00:44 CET 2016;Hotel pro ptÃ¡ky? Nikdo nevymyslel nic lepÅ¡Ã­ho neÅ¾ slipy.
1;ji;713017716412690434;cs;Thu Mar 24 16:00:45 CET 2016;Dnes expiruje sperky-kosmetika.cz (GPR:1 , SR:1), zatÃ­m nebyla prodlouÅ¾ena. VÃ­ce na
1;ji;713017825007239168;cs;Thu Mar 24 16:01:11 CET 2016;VIDEO: RychnovskÃ¡ radnice chce postavit novÃ½ domov pro seniory
0;-;713017859379752960;cs;Thu Mar 24 16:01:19 CET 2016;Kousek od mÃ½ho domu se prochÃ¡zÃ­ policie se samopalama
0;-;713017883652177920;cs;Thu Mar 24 16:01:25 CET 2016;TÃ­sÅˆovÃ© volÃ¡nÃ­ z letadla MAYDAY bylo odvozeno od francouzskÃ©ho slova mâ€™aidez, coÅ¾ znamenÃ¡ pomoc.
0;-;713017967630544896;cs;Thu Mar 24 16:01:45 CET 2016;RT @schwarzenbergk: Na SPZtku odmÃ­tli dÃ¡t mÃ© jmÃ©no KARELJANNEPOMUKJOSEFNORBERTBEDRICHANTONINVRATISLAVMENASKNIZEZESCHWARZENBERGU ChybÃ­ tam â€¦
0;-;713017969773789184;cs;Thu Mar 24 16:01:45 CET 2016;RT @rbukovansky: TeeFury nabÃ­zÃ­ hezkou sadu crossoverovÃ½ch triÄek... :)
0;-;713017987419267072;cs;Thu Mar 24 16:01:50 CET 2016;@YgritteFire Vy nevyuÅ¾Ã­vÃ¡te sluÅ¾eb ochutnavaÄe? NenÃ­ to risk?
0;-;713018029379076096;cs;Thu Mar 24 16:02:00 CET 2016;TakovÃ½ to, kdyÅ¾ si jen chcete zmÄ›nit profilovku a po dvaceti minutÃ¡ch hledÃ¡te gifko koÅ¥at, kterÃ½ byste sdÃ­leli.
1;pr;713018081526857728;cs;Thu Mar 24 16:02:12 CET 2016;DopravnÃ­ podnik dostane prvnÃ­ elektrobus
0;-;713018209163730944;cs;Thu Mar 24 16:02:42 CET 2016;@PetrzOlomouce to e s ÃºplnÄ› starÃ½m xboxem.. S tim minulÃ½m (xbox360) to je uÅ¾ celkem v pohodÄ›. KompatibilnÃ­ch je 135
0;-;713018212062007296;cs;Thu Mar 24 16:02:43 CET 2016;A pak, Å¾e nemelou!
0;-;713018236581912576;cs;Thu Mar 24 16:02:49 CET 2016;Dnes je zelenÃ½ Ätvrtek ideÃ¡lnÃ­ Äas na zelenÃ½ Äaj. JÃ¡ si dal draÄÃ­ studnu, kterÃ¡ se nikdy neomrzÃ­. #tea...
0;-;713017707294244865;cs;Thu Mar 24 16:00:43 CET 2016;RobejÅ¡ek jako vÅ¾dy. PravdivÄ›, trefnÄ› a bez pÅ™Ã­kras...
1;po;713018094927609857;cs;Thu Mar 24 16:02:15 CET 2016;VodiÄka: ÄŒurÃ¡nÃ­ na bomby teroristy nezastavÃ­. A mÃ¡ pravdu, je to k smÃ­chu. via @iDNEScz
0;-;713018183817555968;cs;Thu Mar 24 16:02:36 CET 2016;@TJungova mÄ›ly jsme vÄerağŸ˜â¤ï¸ ale nÄ›co vymyslÃ­meğŸ¶
1;ku;713017718551785472;cs;Thu Mar 24 16:00:45 CET 2016;MÃ¡me tady pro vÃ¡s dalÅ¡Ã­ velmi pÅ™Ã­jemnÃ½ rozhovor z naÅ¡ich per ) Tentokrat s hvÄ›zdou, kterÃ¡ kaÅ¾dÃ½ rok rÃ¡da tanÄÃ­ )
0;-;713017866937872384;cs;Thu Mar 24 16:01:21 CET 2016;SedÃ­m na kafi, ÄekÃ¡m na mÃ¡mu a najednou se nÄ›jak divnÄ› nebezpeÄnÄ› blÃ­Å¾Ã­ nÄ›jakej borec. Tady sedÃ­ mÃ¡ma, fuckboyi.
0;-;713018102993317889;cs;Thu Mar 24 16:02:17 CET 2016;Zveme vÃ¡s na pÅ™ednÃ¡Å¡ku naÅ¡Ã­ prÃ¡zdninovÃ© dobrovolnice MÃ¡ji PincovÃ©.
1;po;713018208387731456;cs;Thu Mar 24 16:02:42 CET 2016;RT @mzvcr: SetkÃ¡nÃ­ @ZaoralekL s prez.Svazu prÅ¯myslu a dopravy J.HanÃ¡kem+prez.HospodÃ¡Å™. komory V.DlouhÃ½m
1;ku;713018039063748608;cs;Thu Mar 24 16:02:02 CET 2016;PozvÃ¡nka: ARABFEST - Spolu - festival arabskÃ© kultury 30. 3. â€“ 3. 4. 2016 #pozvanka #arabfest #kultura
0;-;713018108643000320;cs;Thu Mar 24 16:02:18 CET 2016;TÄ›Å¡Ã­m se,aÅ¾ tÄ› zase uvidÃ­m.
0;-;713018076518809601;cs;Thu Mar 24 16:02:11 CET 2016;LÃ­bÃ­ se mi video @YouTube Doom 4 / DOOM / Doom 2016 Main Theme Studio Version HD
0;-;713018219074875392;cs;Thu Mar 24 16:02:45 CET 2016;PÅ™idal(a) jsem do seznamu videÃ­ @YouTube video Doom 4 / DOOM / Doom 2016 Main Theme Studio Version HD
0;-;713017664323592194;cs;Thu Mar 24 16:00:33 CET 2016;ÃšÄastnit se bug bounty je vÅ¾dycky fajn, i kdyÅ¾ za report nic nedostanete :-) NÄ›co se nauÄÃ­te a to vÅ¾dy stojÃ­ za to.
1;sp;713018271000297472;cs;Thu Mar 24 16:02:57 CET 2016;Za 80 minut zaÄÃ­nÃ¡me!!! 6. ÄtvrtfinÃ¡lovÃ½ duel 17.20 #MBLvMHK Urve Boleslav podle vÃ¡s postup?
0;-;713018294995914752;cs;Thu Mar 24 16:03:03 CET 2016;@ten_hajzl Tento klient spor vyhrÃ¡l
1;po;713018297256710146;cs;Thu Mar 24 16:03:03 CET 2016;RT @piratipraha: #pirati vypsali vÃ½bÄ›rovÃ© Å™Ã­zenÃ­ na grafika pro tvorbu PirÃ¡tskÃ½ch listÅ¯. PÅ™ihlaÅ¡te se!